PLAYER,CONFERENCE,SEASON
Penny Hardaway,EAST,1997
Michael Jordan,EAST,1997
Scottie Pippen,EAST,1997
Grant Hill,EAST,1997
Patrick EwingINJ,EAST,1997
Vin Baker,EAST,1997
Terrell Brandon,EAST,1997
Joe DumarsREP,EAST,1997
Tim Hardaway,EAST,1997
Christian Laettner,EAST,1997
Alonzo MourningINJ,EAST,1997
Dikembe Mutombo,EAST,1997
Glen Rice,EAST,1997
Chris WebberREP,EAST,1997
Gary Payton,WEST,1997
John Stockton,WEST,1997
Charles BarkleyINJ,WEST,1997
Shawn Kemp,WEST,1997
Hakeem Olajuwon,WEST,1997
Clyde DrexlerINJ,WEST,1997
Kevin GarnettREP,WEST,1997
Chris GatlingREP,WEST,1997
Tom Gugliotta,WEST,1997
Eddie Jones,WEST,1997
Karl Malone,WEST,1997
Shaquille O'NealINJ,WEST,1997
Mitch Richmond,WEST,1997
Detlef SchrempfREP,WEST,1997
Latrell Sprewell,WEST,1997
Gary Payton,EAST,1998
Kobe Bryant,EAST,1998
Kevin Garnett,EAST,1998
Karl Malone,EAST,1998
Shaquille O'Neal,EAST,1998
Jason Kidd,EAST,1998
Eddie Jones,EAST,1998
Nick Van Exel,EAST,1998
Mitch Richmond,EAST,1998
Tim Duncan,EAST,1998
Vin Baker,EAST,1998
David Robinson,EAST,1998
Penny Hardaway,WEST,1998
Michael Jordan,WEST,1998
Grant Hill,WEST,1998
Shawn Kemp,WEST,1998
Dikembe Mutombo,WEST,1998
Tim Hardaway,WEST,1998
Reggie Miller,WEST,1998
Steve Smith,WEST,1998
Glen Rice,WEST,1998
Antoine Walker,WEST,1998
Jayson Williams,WEST,1998
Rik Smits,WEST,1998
Jason Kidd,EAST,2000
Kobe Bryant,EAST,2000
Kevin Garnett,EAST,2000
Tim Duncan,EAST,2000
Shaquille O'Neal,EAST,2000
Michael Finley,EAST,2000
Gary Payton,EAST,2000
John Stockton,EAST,2000
Karl Malone,EAST,2000
Rasheed Wallace,EAST,2000
Chris Webber,EAST,2000
David Robinson,EAST,2000
Allen Iverson,WEST,2000
Eddie Jones,WEST,2000
Vince Carter,WEST,2000
Grant Hill,WEST,2000
Alonzo Mourning,WEST,2000
Ray Allen,WEST,2000
Allan Houston,WEST,2000
Reggie Miller,WEST,2000
Jerry Stackhouse,WEST,2000
Dale Davis,WEST,2000
Glenn Robinson,WEST,2000
Dikembe Mutombo,WEST,2000
Allen Iverson,EAST,2001
Tracy McGrady,EAST,2001
Vince Carter,EAST,2001
Grant HillINJ,EAST,2001
Alonzo MourningINJ,EAST,2001
Ray Allen,EAST,2001
Allan Houston,EAST,2001
Stephon Marbury,EAST,2001
Jerry Stackhouse,EAST,2001
Anthony Mason1,EAST,2001
Glenn Robinson,EAST,2001
Latrell SprewellREP,EAST,2001
Antonio DavisREP1,EAST,2001
Dikembe MutomboREP,EAST,2001
Theo RatliffINJ,EAST,2001
Jason Kidd,WEST,2001
Kobe Bryant,WEST,2001
Chris Webber,WEST,2001
Tim Duncan,WEST,2001
Shaquille O'NealINJ,WEST,2001
Michael Finley,WEST,2001
Gary Payton,WEST,2001
Kevin Garnett1,WEST,2001
Karl Malone,WEST,2001
Antonio McDyess,WEST,2001
Rasheed Wallace,WEST,2001
David Robinson,WEST,2001
Vlade DivacREP,WEST,2001
Allen Iverson,EAST,2002
Michael Jordan,EAST,2002
Vince CarterINJ,EAST,2002
Antoine Walker,EAST,2002
Dikembe Mutombo,EAST,2002
Ray Allen,EAST,2002
Baron DavisREP,EAST,2002
Jason Kidd1,EAST,2002
Tracy McGrady,EAST,2002
Paul Pierce,EAST,2002
Shareef Abdur-Rahim,EAST,2002
Jermaine O'Neal,EAST,2002
Alonzo Mourning,EAST,2002
Steve Francis,WEST,2002
Kobe Bryant,WEST,2002
Kevin Garnett,WEST,2002
Tim Duncan,WEST,2002
Shaquille O'NealINJ,WEST,2002
Steve Nash,WEST,2002
Gary Payton,WEST,2002
Elton BrandREP,WEST,2002
Karl Malone,WEST,2002
Dirk Nowitzki,WEST,2002
Peja Stojaković,WEST,2002
Wally Szczerbiak,WEST,2002
Chris Webber1,WEST,2002
Allen Iverson,EAST,2003
Tracy McGrady,EAST,2003
Vince Carter1,EAST,2003
Jermaine O'Neal,EAST,2003
Ben Wallace,EAST,2003
Michael Jordan1,EAST,2003
Jason Kidd,EAST,2003
Paul Pierce,EAST,2003
Jamal Mashburn,EAST,2003
Antoine Walker,EAST,2003
Žydrūnas Ilgauskas,EAST,2003
Brad Miller,EAST,2003
Steve Francis,WEST,2003
Kobe Bryant,WEST,2003
Kevin Garnett,WEST,2003
Tim Duncan,WEST,2003
Yao Ming,WEST,2003
Stephon Marbury,WEST,2003
Steve Nash,WEST,2003
Gary Payton,WEST,2003
Shawn Marion,WEST,2003
Dirk Nowitzki,WEST,2003
Peja StojakovićREP,WEST,2003
Chris WebberINJ,WEST,2003
Shaquille O'Neal,WEST,2003
Allen Iverson,EAST,2004
Tracy McGrady,EAST,2004
Vince Carter,EAST,2004
Jermaine O'Neal,EAST,2004
Ben Wallace,EAST,2004
Baron Davis,EAST,2004
Jason Kidd,EAST,2004
Michael Redd,EAST,2004
Paul Pierce,EAST,2004
Ron Artest,EAST,2004
Kenyon Martin,EAST,2004
Jamaal Magloire,EAST,2004
Steve Francis,WEST,2004
Kobe Bryant,WEST,2004
Kevin Garnett,WEST,2004
Tim Duncan,WEST,2004
Yao Ming,WEST,2004
Ray Allen,WEST,2004
Sam Cassell,WEST,2004
Andrei Kirilenko,WEST,2004
Dirk Nowitzki,WEST,2004
Peja Stojaković,WEST,2004
Brad Miller,WEST,2004
Shaquille O'Neal,WEST,2004
Kobe Bryant,EAST,2005
Tracy McGrady,EAST,2005
Kevin Garnett,EAST,2005
Tim Duncan,EAST,2005
Yao Ming,EAST,2005
Ray Allen,EAST,2005
Manu Ginóbili,EAST,2005
Steve Nash,EAST,2005
Rashard Lewis,EAST,2005
Shawn Marion,EAST,2005
Dirk Nowitzki,EAST,2005
Amar'e Stoudemire,EAST,2005
Allen Iverson,WEST,2005
Vince Carter,WEST,2005
LeBron James,WEST,2005
Grant Hill,WEST,2005
Shaquille O'Neal,WEST,2005
Gilbert Arenas,WEST,2005
Dwyane Wade,WEST,2005
Paul Pierce,WEST,2005
Antawn Jamison,WEST,2005
Jermaine O'Neal,WEST,2005
Zydrunas Ilgauskas,WEST,2005
Ben Wallace,WEST,2005
Allen Iverson,EAST,2006
Dwyane Wade,EAST,2006
LeBron James,EAST,2006
Jermaine O'NealINJ,EAST,2006
Shaquille O'Neal,EAST,2006
Gilbert ArenasREP,EAST,2006
Chauncey Billups,EAST,2006
Vince Carter1,EAST,2006
Richard Hamilton,EAST,2006
Chris Bosh,EAST,2006
Paul Pierce,EAST,2006
Rasheed Wallace,EAST,2006
Ben Wallace,EAST,2006
Steve Nash,WEST,2006
Kobe Bryant,WEST,2006
Tracy McGrady,WEST,2006
Tim Duncan,WEST,2006
Yao Ming,WEST,2006
Ray Allen,WEST,2006
Tony Parker,WEST,2006
Elton Brand,WEST,2006
Kevin Garnett,WEST,2006
Pau Gasol,WEST,2006
Shawn Marion,WEST,2006
Dirk Nowitzki,WEST,2006
Gilbert Arenas,EAST,2007
Dwyane Wade,EAST,2007
LeBron James,EAST,2007
Chris Bosh,EAST,2007
Shaquille O'Neal,EAST,2007
Chauncey Billups,EAST,2007
Caron Butler,EAST,2007
Vince Carter,EAST,2007
Richard Hamilton,EAST,2007
Dwight Howard,EAST,2007
Joe Johnson2,EAST,2007
Jason Kidd1,EAST,2007
Jermaine O'Neal,EAST,2007
Kobe Bryant,WEST,2007
Tracy McGrady,WEST,2007
Kevin Garnett,WEST,2007
Tim Duncan,WEST,2007
Yao Ming1,WEST,2007
Ray Allen2,WEST,2007
Carmelo Anthony2,WEST,2007
Carlos Boozer1,WEST,2007
Josh Howard2,WEST,2007
Allen Iverson1,WEST,2007
Shawn Marion,WEST,2007
Steve Nash1,WEST,2007
Dirk Nowitzki,WEST,2007
Mehmet Okur2,WEST,2007
Tony Parker,WEST,2007
Amar'e Stoudemire,WEST,2007
Allen Iverson,EAST,2008
Kobe Bryant4,EAST,2008
Carmelo Anthony,EAST,2008
Tim Duncan,EAST,2008
Yao Ming,EAST,2008
Carlos Boozer,EAST,2008
Steve Nash,EAST,2008
Dirk Nowitzki,EAST,2008
Chris Paul,EAST,2008
Brandon Roy,EAST,2008
Amar'e Stoudemire,EAST,2008
David West,EAST,2008
Jason Kidd,WEST,2008
Dwyane Wade,WEST,2008
LeBron James,WEST,2008
Kevin Garnett1 3,WEST,2008
Dwight Howard,WEST,2008
Ray Allen2,WEST,2008
Chauncey Billups,WEST,2008
Caron Butler2,WEST,2008
Chris Bosh1,WEST,2008
Richard Hamilton,WEST,2008
Antawn Jamison,WEST,2008
Joe Johnson,WEST,2008
Paul Pierce,WEST,2008
Rasheed Wallace3,WEST,2008
Allen Iverson,EAST,2009
Dwyane Wade,EAST,2009
LeBron James,EAST,2009
Kevin Garnett,EAST,2009
Dwight Howard,EAST,2009
Ray Allen1,EAST,2009
Devin Harris,EAST,2009
Joe Johnson,EAST,2009
Jameer NelsonINJ,EAST,2009
Mo Williams2,EAST,2009
Danny Granger,EAST,2009
Rashard Lewis,EAST,2009
Paul Pierce,EAST,2009
Chris BoshINJ,EAST,2009
Chris Paul,WEST,2009
Kobe Bryant,WEST,2009
Amar'e Stoudemire,WEST,2009
Tim Duncan,WEST,2009
Yao Ming,WEST,2009
Chauncey Billups,WEST,2009
Tony Parker,WEST,2009
Brandon Roy,WEST,2009
Pau Gasol,WEST,2009
Dirk Nowitzki,WEST,2009
David West,WEST,2009
Shaquille O'Neal,WEST,2009
Allen IversonDNP1,EAST,2010
Dwyane Wade,EAST,2010
LeBron James,EAST,2010
Kevin Garnett,EAST,2010
Dwight Howard,EAST,2010
Joe Johnson1,EAST,2010
Rajon Rondo,EAST,2010
Derrick Rose,EAST,2010
Paul Pierce,EAST,2010
Gerald Wallace,EAST,2010
Chris Bosh,EAST,2010
Al Horford,EAST,2010
David LeeREP,EAST,2010
Steve Nash,WEST,2010
Kobe BryantINJ2,WEST,2010
Carmelo Anthony,WEST,2010
Tim Duncan,WEST,2010
Amar'e Stoudemire,WEST,2010
Chauncey BillupsREP,WEST,2010
Jason KiddREP,WEST,2010
Chris PaulINJ,WEST,2010
Brandon RoyINJ,WEST,2010
Deron Williams,WEST,2010
Kevin Durant,WEST,2010
Dirk Nowitzki2,WEST,2010
Zach Randolph,WEST,2010
Pau Gasol,WEST,2010
Chris KamanREP,WEST,2010
Derrick Rose,EAST,2011
Dwyane Wade,EAST,2011
LeBron James,EAST,2011
Amar'e Stoudemire,EAST,2011
Dwight Howard,EAST,2011
Ray Allen,EAST,2011
Chris Bosh,EAST,2011
Kevin Garnett,EAST,2011
Al Horford,EAST,2011
Joe Johnson,EAST,2011
Paul Pierce,EAST,2011
Rajon Rondo,EAST,2011
Chris Paul,WEST,2011
Kobe Bryant,WEST,2011
Carmelo Anthony,WEST,2011
Kevin Durant,WEST,2011
Yao MingINJ1,WEST,2011
Tim Duncan1,WEST,2011
Pau Gasol,WEST,2011
Manu Ginóbili,WEST,2011
Blake Griffin,WEST,2011
Kevin LoveREP,WEST,2011
Dirk Nowitzki,WEST,2011
Russell Westbrook,WEST,2011
Deron Williams,WEST,2011
Chris Paul,EAST,2012
Kobe Bryant,EAST,2012
Kevin Durant,EAST,2012
Blake Griffin,EAST,2012
Andrew Bynum,EAST,2012
LaMarcus Aldridge,EAST,2012
Marc Gasol,EAST,2012
Kevin Love,EAST,2012
Steve Nash,EAST,2012
Dirk Nowitzki,EAST,2012
Tony Parker,EAST,2012
Russell Westbrook,EAST,2012
Derrick Rose,WEST,2012
Dwyane Wade,WEST,2012
LeBron James,WEST,2012
Carmelo Anthony,WEST,2012
Dwight Howard,WEST,2012
Chris Bosh,WEST,2012
Luol Deng,WEST,2012
Roy Hibbert,WEST,2012
Andre Iguodala,WEST,2012
Joe JohnsonINJ,WEST,2012
Paul Pierce,WEST,2012
Rajon RondoREP,WEST,2012
Deron Williams,WEST,2012
Rajon RondoINJ1,EAST,2013
Dwyane Wade(C),EAST,2013
LeBron James,EAST,2013
Carmelo Anthony,EAST,2013
Kevin Garnett,EAST,2013
Chris Bosh1,EAST,2013
Tyson Chandler,EAST,2013
Luol Deng,EAST,2013
Paul George,EAST,2013
Jrue Holiday,EAST,2013
Kyrie Irving,EAST,2013
Joakim Noah,EAST,2013
Brook LopezREP,EAST,2013
Chris Paul(C),WEST,2013
Kobe Bryant,WEST,2013
Kevin Durant,WEST,2013
Blake Griffin,WEST,2013
Dwight Howard,WEST,2013
LaMarcus Aldridge,WEST,2013
Tim Duncan,WEST,2013
James Harden,WEST,2013
David Lee,WEST,2013
Tony Parker,WEST,2013
Zach Randolph,WEST,2013
Russell Westbrook,WEST,2013
Dwyane Wade,EAST,2014
Kyrie Irving,EAST,2014
LeBron James,EAST,2014
Paul George,EAST,2014
Carmelo Anthony,EAST,2014
Joakim Noah,EAST,2014
Roy Hibbert,EAST,2014
Chris Bosh,EAST,2014
Paul Millsap,EAST,2014
John Wall,EAST,2014
Joe Johnson,EAST,2014
DeMar DeRozan,EAST,2014
Stephen Curry,WEST,2014
Kobe BryantINJ1,WEST,2014
Kevin Durant,WEST,2014
Blake Griffin,WEST,2014
Kevin Love,WEST,2014
Dwight Howard,WEST,2014
LaMarcus Aldridge,WEST,2014
Dirk Nowitzki,WEST,2014
Chris Paul,WEST,2014
James Harden1,WEST,2014
Tony Parker,WEST,2014
Damian Lillard,WEST,2014
Anthony DavisREP,WEST,2014
John Wall,EAST,2015
Kyle Lowry,EAST,2015
LeBron James,EAST,2015
Pau Gasol,EAST,2015
Carmelo Anthony,EAST,2015
Al Horford,EAST,2015
Chris Bosh,EAST,2015
Paul Millsap,EAST,2015
Jimmy Butler,EAST,2015
Dwyane WadeINJ,EAST,2015
Jeff Teague,EAST,2015
Kyrie Irving,EAST,2015
Kyle KorverREP3,EAST,2015
Stephen Curry,WEST,2015
Kobe BryantINJ,WEST,2015
Anthony DavisINJ,WEST,2015
Marc Gasol,WEST,2015
Blake GriffinINJ,WEST,2015
LaMarcus AldridgeST,WEST,2015
Tim Duncan,WEST,2015
Kevin Durant,WEST,2015
Klay ThompsonST,WEST,2015
Russell Westbrook,WEST,2015
James HardenST,WEST,2015
Chris Paul,WEST,2015
DeMarcus CousinsREP1,WEST,2015
Damian LillardREP2,WEST,2015
Dirk NowitzkiREP4,WEST,2015
Dwyane Wade,EAST,2016
Kyle Lowry,EAST,2016
LeBron James,EAST,2016
Paul George,EAST,2016
Carmelo Anthony,EAST,2016
Jimmy ButlerINJ1,EAST,2016
Chris BoshINJ2,EAST,2016
John Wall,EAST,2016
Paul Millsap,EAST,2016
DeMar DeRozan,EAST,2016
Andre Drummond,EAST,2016
Isaiah Thomas,EAST,2016
Pau GasolREP1,EAST,2016
Al HorfordREP2,EAST,2016
Stephen Curry,WEST,2016
Russell Westbrook,WEST,2016
Kobe Bryant,WEST,2016
Kevin Durant,WEST,2016
Kawhi Leonard,WEST,2016
Chris Paul,WEST,2016
LaMarcus Aldridge,WEST,2016
James Harden,WEST,2016
Anthony Davis,WEST,2016
DeMarcus Cousins,WEST,2016
Klay Thompson,WEST,2016
Draymond Green,WEST,2016
Kyrie Irving,EAST,2017
DeMar DeRozan,EAST,2017
LeBron James,EAST,2017
Jimmy Butler,EAST,2017
Giannis Antetokounmpo,EAST,2017
Isaiah Thomas,EAST,2017
John Wall,EAST,2017
Kevin LoveINJ,EAST,2017
Carmelo AnthonyREP,EAST,2017
Kyle Lowry,EAST,2017
Paul George,EAST,2017
Kemba Walker,EAST,2017
Paul Millsap,EAST,2017
Stephen Curry,WEST,2017
James Harden,WEST,2017
Kevin Durant,WEST,2017
Kawhi Leonard,WEST,2017
Anthony Davis,WEST,2017
Russell Westbrook,WEST,2017
Klay Thompson,WEST,2017
Draymond Green,WEST,2017
DeMarcus Cousins,WEST,2017
Marc Gasol,WEST,2017
DeAndre Jordan,WEST,2017
Gordon Hayward,WEST,2017
Kyrie Irving,EAST,2018
DeMar DeRozan,EAST,2018
LeBron James,EAST,2018
Giannis Antetokounmpo,EAST,2018
Joel Embiid,EAST,2018
Bradley Beal,EAST,2018
Goran DragićREP3,EAST,2018
Al Horford,EAST,2018
Kevin LoveINJ3,EAST,2018
Kyle Lowry,EAST,2018
Victor Oladipo,EAST,2018
Kristaps PorziņģisINJ4,EAST,2018
John WallINJ2,EAST,2018
Andre DrummondREP2,EAST,2018
Kemba WalkerREP4,EAST,2018
Stephen Curry,WEST,2018
James Harden,WEST,2018
Kevin Durant,WEST,2018
Anthony Davis,WEST,2018
DeMarcus CousinsINJ1,WEST,2018
Russell Westbrook,WEST,2018
Damian Lillard,WEST,2018
Draymond Green,WEST,2018
Karl-Anthony Towns,WEST,2018
LaMarcus Aldridge,WEST,2018
Klay Thompson,WEST,2018
Jimmy Butler,WEST,2018
Paul GeorgeREP1,WEST,2018
Kemba Walker,EAST,2019
Kyrie Irving,EAST,2019
Kawhi Leonard,EAST,2019
Giannis Antetokounmpo,EAST,2019
Joel Embiid,EAST,2019
Kyle Lowry,EAST,2019
Victor OladipoINJ1,EAST,2019
Khris Middleton,EAST,2019
Bradley Beal,EAST,2019
Ben Simmons,EAST,2019
Blake Griffin,EAST,2019
Nikola Vučević,EAST,2019
Dwyane WadeSPL,EAST,2019
D'Angelo RussellREP1,EAST,2019
Stephen Curry,WEST,2019
James Harden,WEST,2019
Kevin Durant,WEST,2019
Paul George,WEST,2019
LeBron James,WEST,2019
Russell Westbrook,WEST,2019
Damian Lillard,WEST,2019
Klay Thompson,WEST,2019
Anthony Davis,WEST,2019
LaMarcus Aldridge,WEST,2019
Nikola Jokić,WEST,2019
Karl-Anthony Towns,WEST,2019
Dirk NowitzkiSPL,WEST,2019
Kemba Walker,EAST,2020
Trae Young,EAST,2020
Giannis Antetokounmpo,EAST,2020
Pascal Siakam,EAST,2020
Joel Embiid,EAST,2020
Kyle Lowry,EAST,2020
Ben Simmons,EAST,2020
Jimmy Butler,EAST,2020
Khris Middleton,EAST,2020
Bam Adebayo,EAST,2020
Jayson Tatum,EAST,2020
Domantas Sabonis,EAST,2020
James Harden,WEST,2020
Luka Dončić,WEST,2020
LeBron James,WEST,2020
Kawhi Leonard,WEST,2020
Anthony Davis,WEST,2020
Chris Paul,WEST,2020
Russell Westbrook,WEST,2020
Damian LillardINJ1,WEST,2020
Donovan Mitchell,WEST,2020
Brandon Ingram,WEST,2020
Nikola Jokić,WEST,2020
Rudy Gobert,WEST,2020
Devin BookerREP1,WEST,2020
Bradley Beal,EAST,2021
Kyrie Irving,EAST,2021
Giannis Antetokounmpo,EAST,2021
Kevin DurantINJ2,EAST,2021
Joel EmbiidCOVID1,EAST,2021
Jaylen Brown,EAST,2021
James Harden,EAST,2021
Zach LaVine,EAST,2021
Ben SimmonsCOVID2,EAST,2021
Julius Randle,EAST,2021
Domantas SabonisREP2,EAST,2021
Jayson TatumST1,EAST,2021
Nikola Vučević,EAST,2021
Stephen Curry,WEST,2021
Luka Dončić,WEST,2021
LeBron James,WEST,2021
Kawhi Leonard,WEST,2021
Nikola Jokić,WEST,2021
Devin BookerREP1INJ3,WEST,2021
Mike ConleyREP3,WEST,2021
Damian Lillard,WEST,2021
Donovan Mitchell,WEST,2021
Chris Paul,WEST,2021
Anthony DavisINJ1,WEST,2021
Paul George,WEST,2021
Zion WilliamsonST2,WEST,2021
Rudy Gobert,WEST,2021
Trae Young,EAST,2022
DeMar DeRozan,EAST,2022
Joel Embiid,EAST,2022
Kevin DurantINJ1,EAST,2022
Giannis Antetokounmpo,EAST,2022
LaMelo BallREP1,EAST,2022
Darius Garland,EAST,2022
James HardenINJ3,EAST,2022
Zach LaVine,EAST,2022
Fred VanVleet,EAST,2022
Jimmy Butler,EAST,2022
Khris Middleton,EAST,2022
Jayson TatumST,EAST,2022
Jarrett AllenREP3,EAST,2022
Stephen Curry,WEST,2022
Ja Morant,WEST,2022
Nikola Jokić,WEST,2022
LeBron James,WEST,2022
Andrew Wiggins,WEST,2022
Devin Booker,WEST,2022
Luka Dončić,WEST,2022
Donovan Mitchell,WEST,2022
Dejounte MurrayREP2,WEST,2022
Chris Paul,WEST,2022
Draymond GreenINJ2,WEST,2022
Rudy Gobert,WEST,2022
Karl-Anthony Towns,WEST,2022
Kyrie Irving,EAST,2023
Donovan Mitchell,EAST,2023
Giannis Antetokounmpo,EAST,2023
Kevin DurantINJ2,EAST,2023
Jayson Tatum,EAST,2023
Jaylen Brown,EAST,2023
DeMar DeRozan,EAST,2023
Tyrese Haliburton,EAST,2023
Jrue Holiday,EAST,2023
Julius Randle,EAST,2023
Bam Adebayo,EAST,2023
Joel EmbiidST1,EAST,2023
Pascal SiakamREP1,EAST,2023
Stephen CurryINJ1,WEST,2023
Luka Dončić,WEST,2023
Nikola Jokić,WEST,2023
LeBron James,WEST,2023
Zion WilliamsonINJ3,WEST,2023
Shai Gilgeous-Alexander,WEST,2023
Damian Lillard,WEST,2023
Ja MorantST2,WEST,2023
Paul George,WEST,2023
Jaren Jackson Jr.,WEST,2023
Lauri MarkkanenST3,WEST,2023
Domantas Sabonis,WEST,2023
Anthony EdwardsREP2,WEST,2023
De'Aaron FoxREP3,WEST,2023
Tyrese Haliburton,EAST,2024
Damian Lillard,EAST,2024
Giannis Antetokounmpo,EAST,2024
Jayson Tatum,EAST,2024
Joel EmbiidINJ1,EAST,2024
Jalen Brunson,EAST,2024
Tyrese Maxey,EAST,2024
Donovan Mitchell,EAST,2024
Trae YoungREP1,EAST,2024
Paolo Banchero,EAST,2024
Scottie BarnesREP2,EAST,2024
Jaylen Brown,EAST,2024
Julius RandleINJ2,EAST,2024
Bam AdebayoST1,EAST,2024
Luka Dončić,WEST,2024
Shai Gilgeous-Alexander,WEST,2024
Kevin Durant,WEST,2024
LeBron James,WEST,2024
Nikola Jokić,WEST,2024
Devin Booker,WEST,2024
Stephen Curry,WEST,2024
Anthony Edwards,WEST,2024
Paul George,WEST,2024
Kawhi Leonard,WEST,2024
Karl-Anthony Towns,WEST,2024
Anthony Davis,WEST,2024
